field_id,date,dataset,value
223eb552-7341-45fc-ac42-aabca0db8e9d,2021-09-28,SMAP,0.2796
223eb552-7341-45fc-ac42-aabca0db8e9d,2021-09-28,MODIS,0.5117
223eb552-7341-45fc-ac42-aabca0db8e9d,2021-09-28,GPM,132.3685
223eb552-7341-45fc-ac42-aabca0db8e9d,2021-09-28,ECOSTRESS,0.5915
223eb552-7341-45fc-ac42-aabca0db8e9d,2021-09-28,GRACE-FO,-0.6239
223eb552-7341-45fc-ac42-aabca0db8e9d,2021-10-14,SMAP,0.2562
223eb552-7341-45fc-ac42-aabca0db8e9d,2021-10-14,MODIS,0.4639
223eb552-7341-45fc-ac42-aabca0db8e9d,2021-10-14,GPM,113.4433
223eb552-7341-45fc-ac42-aabca0db8e9d,2021-10-14,ECOSTRESS,0.5062
223eb552-7341-45fc-ac42-aabca0db8e9d,2021-10-14,GRACE-FO,0.202
223eb552-7341-45fc-ac42-aabca0db8e9d,2021-10-30,SMAP,0.2417
223eb552-7341-45fc-ac42-aabca0db8e9d,2021-10-30,MODIS,0.4119
223eb552-7341-45fc-ac42-aabca0db8e9d,2021-10-30,GPM,83.8137
223eb552-7341-45fc-ac42-aabca0db8e9d,2021-10-30,ECOSTRESS,0.4678
223eb552-7341-45fc-ac42-aabca0db8e9d,2021-10-30,GRACE-FO,-0.5058
223eb552-7341-45fc-ac42-aabca0db8e9d,2021-11-15,SMAP,0.2424
223eb552-7341-45fc-ac42-aabca0db8e9d,2021-11-15,MODIS,0.3245
223eb552-7341-45fc-ac42-aabca0db8e9d,2021-11-15,GPM,61.4056
223eb552-7341-45fc-ac42-aabca0db8e9d,2021-11-15,ECOSTRESS,0.4236
223eb552-7341-45fc-ac42-aabca0db8e9d,2021-11-15,GRACE-FO,-0.3255
223eb552-7341-45fc-ac42-aabca0db8e9d,2021-12-01,SMAP,0.208
223eb552-7341-45fc-ac42-aabca0db8e9d,2021-12-01,MODIS,0.2749
223eb552-7341-45fc-ac42-aabca0db8e9d,2021-12-01,GPM,50.9662
223eb552-7341-45fc-ac42-aabca0db8e9d,2021-12-01,ECOSTRESS,0.453
223eb552-7341-45fc-ac42-aabca0db8e9d,2021-12-01,GRACE-FO,0.9394
223eb552-7341-45fc-ac42-aabca0db8e9d,2021-12-17,SMAP,0.2102
223eb552-7341-45fc-ac42-aabca0db8e9d,2021-12-17,MODIS,0.2629
223eb552-7341-45fc-ac42-aabca0db8e9d,2021-12-17,GPM,24.3126
223eb552-7341-45fc-ac42-aabca0db8e9d,2021-12-17,ECOSTRESS,0.3634
223eb552-7341-45fc-ac42-aabca0db8e9d,2021-12-17,GRACE-FO,-0.9803
223eb552-7341-45fc-ac42-aabca0db8e9d,2022-01-02,SMAP,0.1929
223eb552-7341-45fc-ac42-aabca0db8e9d,2022-01-02,MODIS,0.2163
223eb552-7341-45fc-ac42-aabca0db8e9d,2022-01-02,GPM,21.1478
223eb552-7341-45fc-ac42-aabca0db8e9d,2022-01-02,ECOSTRESS,0.3617
223eb552-7341-45fc-ac42-aabca0db8e9d,2022-01-02,GRACE-FO,-0.4766
223eb552-7341-45fc-ac42-aabca0db8e9d,2022-01-18,SMAP,0.2055
223eb552-7341-45fc-ac42-aabca0db8e9d,2022-01-18,MODIS,0.1794
223eb552-7341-45fc-ac42-aabca0db8e9d,2022-01-18,GPM,13.5975
223eb552-7341-45fc-ac42-aabca0db8e9d,2022-01-18,ECOSTRESS,0.3812
223eb552-7341-45fc-ac42-aabca0db8e9d,2022-01-18,GRACE-FO,-0.469
223eb552-7341-45fc-ac42-aabca0db8e9d,2022-02-03,SMAP,0.2386
223eb552-7341-45fc-ac42-aabca0db8e9d,2022-02-03,MODIS,0.1726
223eb552-7341-45fc-ac42-aabca0db8e9d,2022-02-03,GPM,30.3018
223eb552-7341-45fc-ac42-aabca0db8e9d,2022-02-03,ECOSTRESS,0.4233
223eb552-7341-45fc-ac42-aabca0db8e9d,2022-02-03,GRACE-FO,0.0061
223eb552-7341-45fc-ac42-aabca0db8e9d,2022-02-19,SMAP,0.2392
223eb552-7341-45fc-ac42-aabca0db8e9d,2022-02-19,MODIS,0.2432
223eb552-7341-45fc-ac42-aabca0db8e9d,2022-02-19,GPM,35.03
223eb552-7341-45fc-ac42-aabca0db8e9d,2022-02-19,ECOSTRESS,0.4567
223eb552-7341-45fc-ac42-aabca0db8e9d,2022-02-19,GRACE-FO,-0.505
223eb552-7341-45fc-ac42-aabca0db8e9d,2022-03-07,SMAP,0.2626
223eb552-7341-45fc-ac42-aabca0db8e9d,2022-03-07,MODIS,0.2743
223eb552-7341-45fc-ac42-aabca0db8e9d,2022-03-07,GPM,40.5207
223eb552-7341-45fc-ac42-aabca0db8e9d,2022-03-07,ECOSTRESS,0.5094
223eb552-7341-45fc-ac42-aabca0db8e9d,2022-03-07,GRACE-FO,0.1323
223eb552-7341-45fc-ac42-aabca0db8e9d,2022-03-23,SMAP,0.2609
223eb552-7341-45fc-ac42-aabca0db8e9d,2022-03-23,MODIS,0.3275
223eb552-7341-45fc-ac42-aabca0db8e9d,2022-03-23,GPM,74.8416
223eb552-7341-45fc-ac42-aabca0db8e9d,2022-03-23,ECOSTRESS,0.5344
223eb552-7341-45fc-ac42-aabca0db8e9d,2022-03-23,GRACE-FO,0.0997
223eb552-7341-45fc-ac42-aabca0db8e9d,2022-04-08,SMAP,0.2957
223eb552-7341-45fc-ac42-aabca0db8e9d,2022-04-08,MODIS,0.3781
223eb552-7341-45fc-ac42-aabca0db8e9d,2022-04-08,GPM,116.0992
223eb552-7341-45fc-ac42-aabca0db8e9d,2022-04-08,ECOSTRESS,0.5823
223eb552-7341-45fc-ac42-aabca0db8e9d,2022-04-08,GRACE-FO,-0.4809
223eb552-7341-45fc-ac42-aabca0db8e9d,2022-04-24,SMAP,0.306
223eb552-7341-45fc-ac42-aabca0db8e9d,2022-04-24,MODIS,0.4904
223eb552-7341-45fc-ac42-aabca0db8e9d,2022-04-24,GPM,124.9646
223eb552-7341-45fc-ac42-aabca0db8e9d,2022-04-24,ECOSTRESS,0.6572
223eb552-7341-45fc-ac42-aabca0db8e9d,2022-04-24,GRACE-FO,-0.8651
223eb552-7341-45fc-ac42-aabca0db8e9d,2022-05-10,SMAP,0.3297
223eb552-7341-45fc-ac42-aabca0db8e9d,2022-05-10,MODIS,0.5328
223eb552-7341-45fc-ac42-aabca0db8e9d,2022-05-10,GPM,156.4605
223eb552-7341-45fc-ac42-aabca0db8e9d,2022-05-10,ECOSTRESS,0.5671
223eb552-7341-45fc-ac42-aabca0db8e9d,2022-05-10,GRACE-FO,-0.3446
223eb552-7341-45fc-ac42-aabca0db8e9d,2022-05-26,SMAP,0.3477
223eb552-7341-45fc-ac42-aabca0db8e9d,2022-05-26,MODIS,0.6134
223eb552-7341-45fc-ac42-aabca0db8e9d,2022-05-26,GPM,185.1522
223eb552-7341-45fc-ac42-aabca0db8e9d,2022-05-26,ECOSTRESS,0.6842
223eb552-7341-45fc-ac42-aabca0db8e9d,2022-05-26,GRACE-FO,-0.6391
223eb552-7341-45fc-ac42-aabca0db8e9d,2022-06-11,SMAP,0.3463
223eb552-7341-45fc-ac42-aabca0db8e9d,2022-06-11,MODIS,0.6073
223eb552-7341-45fc-ac42-aabca0db8e9d,2022-06-11,GPM,184.4013
223eb552-7341-45fc-ac42-aabca0db8e9d,2022-06-11,ECOSTRESS,0.7276
223eb552-7341-45fc-ac42-aabca0db8e9d,2022-06-11,GRACE-FO,-0.8828
223eb552-7341-45fc-ac42-aabca0db8e9d,2022-06-27,SMAP,0.3607
223eb552-7341-45fc-ac42-aabca0db8e9d,2022-06-27,MODIS,0.6612
223eb552-7341-45fc-ac42-aabca0db8e9d,2022-06-27,GPM,187.1263
223eb552-7341-45fc-ac42-aabca0db8e9d,2022-06-27,ECOSTRESS,0.7226
223eb552-7341-45fc-ac42-aabca0db8e9d,2022-06-27,GRACE-FO,-0.5446
223eb552-7341-45fc-ac42-aabca0db8e9d,2022-07-13,SMAP,0.3568
223eb552-7341-45fc-ac42-aabca0db8e9d,2022-07-13,MODIS,0.6641
223eb552-7341-45fc-ac42-aabca0db8e9d,2022-07-13,GPM,199.4446
223eb552-7341-45fc-ac42-aabca0db8e9d,2022-07-13,ECOSTRESS,0.7416
223eb552-7341-45fc-ac42-aabca0db8e9d,2022-07-13,GRACE-FO,-0.4317
223eb552-7341-45fc-ac42-aabca0db8e9d,2022-07-29,SMAP,0.3703
223eb552-7341-45fc-ac42-aabca0db8e9d,2022-07-29,MODIS,0.7341
223eb552-7341-45fc-ac42-aabca0db8e9d,2022-07-29,GPM,181.3631
223eb552-7341-45fc-ac42-aabca0db8e9d,2022-07-29,ECOSTRESS,0.715
223eb552-7341-45fc-ac42-aabca0db8e9d,2022-07-29,GRACE-FO,0.3776
223eb552-7341-45fc-ac42-aabca0db8e9d,2022-08-14,SMAP,0.3311
223eb552-7341-45fc-ac42-aabca0db8e9d,2022-08-14,MODIS,0.6852
223eb552-7341-45fc-ac42-aabca0db8e9d,2022-08-14,GPM,195.6955
223eb552-7341-45fc-ac42-aabca0db8e9d,2022-08-14,ECOSTRESS,0.6733
223eb552-7341-45fc-ac42-aabca0db8e9d,2022-08-14,GRACE-FO,-0.3438
223eb552-7341-45fc-ac42-aabca0db8e9d,2022-08-30,SMAP,0.3145
223eb552-7341-45fc-ac42-aabca0db8e9d,2022-08-30,MODIS,0.6606
223eb552-7341-45fc-ac42-aabca0db8e9d,2022-08-30,GPM,154.6272
223eb552-7341-45fc-ac42-aabca0db8e9d,2022-08-30,ECOSTRESS,0.6361
223eb552-7341-45fc-ac42-aabca0db8e9d,2022-08-30,GRACE-FO,-0.7642
223eb552-7341-45fc-ac42-aabca0db8e9d,2022-09-15,SMAP,0.3119
223eb552-7341-45fc-ac42-aabca0db8e9d,2022-09-15,MODIS,0.6218
223eb552-7341-45fc-ac42-aabca0db8e9d,2022-09-15,GPM,172.8966
223eb552-7341-45fc-ac42-aabca0db8e9d,2022-09-15,ECOSTRESS,0.5788
223eb552-7341-45fc-ac42-aabca0db8e9d,2022-09-15,GRACE-FO,-0.0287
223eb552-7341-45fc-ac42-aabca0db8e9d,2022-10-01,SMAP,0.2838
223eb552-7341-45fc-ac42-aabca0db8e9d,2022-10-01,MODIS,0.5065
223eb552-7341-45fc-ac42-aabca0db8e9d,2022-10-01,GPM,120.9577
223eb552-7341-45fc-ac42-aabca0db8e9d,2022-10-01,ECOSTRESS,0.5216
223eb552-7341-45fc-ac42-aabca0db8e9d,2022-10-01,GRACE-FO,-0.9867
223eb552-7341-45fc-ac42-aabca0db8e9d,2022-10-17,SMAP,0.2673
223eb552-7341-45fc-ac42-aabca0db8e9d,2022-10-17,MODIS,0.487
223eb552-7341-45fc-ac42-aabca0db8e9d,2022-10-17,GPM,96.745
223eb552-7341-45fc-ac42-aabca0db8e9d,2022-10-17,ECOSTRESS,0.4984
223eb552-7341-45fc-ac42-aabca0db8e9d,2022-10-17,GRACE-FO,-1.254
223eb552-7341-45fc-ac42-aabca0db8e9d,2022-11-02,SMAP,0.1362
223eb552-7341-45fc-ac42-aabca0db8e9d,2022-11-02,MODIS,0.2377
223eb552-7341-45fc-ac42-aabca0db8e9d,2022-11-02,GPM,32.0888
223eb552-7341-45fc-ac42-aabca0db8e9d,2022-11-02,ECOSTRESS,0.2745
223eb552-7341-45fc-ac42-aabca0db8e9d,2022-11-02,GRACE-FO,-1.3561
223eb552-7341-45fc-ac42-aabca0db8e9d,2022-11-18,SMAP,0.1168
223eb552-7341-45fc-ac42-aabca0db8e9d,2022-11-18,MODIS,0.1907
223eb552-7341-45fc-ac42-aabca0db8e9d,2022-11-18,GPM,17.6217
223eb552-7341-45fc-ac42-aabca0db8e9d,2022-11-18,ECOSTRESS,0.2371
223eb552-7341-45fc-ac42-aabca0db8e9d,2022-11-18,GRACE-FO,-1.4554
223eb552-7341-45fc-ac42-aabca0db8e9d,2022-12-04,SMAP,0.1192
223eb552-7341-45fc-ac42-aabca0db8e9d,2022-12-04,MODIS,0.1787
223eb552-7341-45fc-ac42-aabca0db8e9d,2022-12-04,GPM,21.1286
223eb552-7341-45fc-ac42-aabca0db8e9d,2022-12-04,GRACE-FO,-0.7102
223eb552-7341-45fc-ac42-aabca0db8e9d,2022-12-20,SMAP,0.1154
223eb552-7341-45fc-ac42-aabca0db8e9d,2022-12-20,MODIS,0.1405
223eb552-7341-45fc-ac42-aabca0db8e9d,2022-12-20,GPM,11.9146
223eb552-7341-45fc-ac42-aabca0db8e9d,2022-12-20,ECOSTRESS,0.2637
223eb552-7341-45fc-ac42-aabca0db8e9d,2022-12-20,GRACE-FO,-0.9242
223eb552-7341-45fc-ac42-aabca0db8e9d,2023-01-05,SMAP,0.098
223eb552-7341-45fc-ac42-aabca0db8e9d,2023-01-05,MODIS,0.1378
223eb552-7341-45fc-ac42-aabca0db8e9d,2023-01-05,GPM,2.9724
223eb552-7341-45fc-ac42-aabca0db8e9d,2023-01-05,GRACE-FO,-1.0296
223eb552-7341-45fc-ac42-aabca0db8e9d,2023-01-21,SMAP,0.116
223eb552-7341-45fc-ac42-aabca0db8e9d,2023-01-21,MODIS,0.1121
223eb552-7341-45fc-ac42-aabca0db8e9d,2023-01-21,GPM,12.2917
223eb552-7341-45fc-ac42-aabca0db8e9d,2023-01-21,ECOSTRESS,0.2422
223eb552-7341-45fc-ac42-aabca0db8e9d,2023-01-21,GRACE-FO,-1.1161
223eb552-7341-45fc-ac42-aabca0db8e9d,2023-02-06,SMAP,0.1235
223eb552-7341-45fc-ac42-aabca0db8e9d,2023-02-06,MODIS,0.1216
223eb552-7341-45fc-ac42-aabca0db8e9d,2023-02-06,GPM,6.9846
223eb552-7341-45fc-ac42-aabca0db8e9d,2023-02-06,ECOSTRESS,0.2834
223eb552-7341-45fc-ac42-aabca0db8e9d,2023-02-06,GRACE-FO,-2.0276
223eb552-7341-45fc-ac42-aabca0db8e9d,2023-02-22,SMAP,0.1212
223eb552-7341-45fc-ac42-aabca0db8e9d,2023-02-22,MODIS,0.1393
223eb552-7341-45fc-ac42-aabca0db8e9d,2023-02-22,GPM,14.2465
223eb552-7341-45fc-ac42-aabca0db8e9d,2023-02-22,ECOSTRESS,0.2645
223eb552-7341-45fc-ac42-aabca0db8e9d,2023-02-22,GRACE-FO,-1.8274
223eb552-7341-45fc-ac42-aabca0db8e9d,2023-03-10,SMAP,0.143
223eb552-7341-45fc-ac42-aabca0db8e9d,2023-03-10,MODIS,0.171
223eb552-7341-45fc-ac42-aabca0db8e9d,2023-03-10,GPM,21.8981
223eb552-7341-45fc-ac42-aabca0db8e9d,2023-03-10,ECOSTRESS,0.3101
223eb552-7341-45fc-ac42-aabca0db8e9d,2023-03-10,GRACE-FO,-2.0394
223eb552-7341-45fc-ac42-aabca0db8e9d,2023-03-26,SMAP,0.1549
223eb552-7341-45fc-ac42-aabca0db8e9d,2023-03-26,MODIS,0.227
223eb552-7341-45fc-ac42-aabca0db8e9d,2023-03-26,GPM,27.9335
223eb552-7341-45fc-ac42-aabca0db8e9d,2023-03-26,ECOSTRESS,0.3418
223eb552-7341-45fc-ac42-aabca0db8e9d,2023-03-26,GRACE-FO,-1.4793
223eb552-7341-45fc-ac42-aabca0db8e9d,2023-04-11,SMAP,0.1511
223eb552-7341-45fc-ac42-aabca0db8e9d,2023-04-11,MODIS,0.2699
223eb552-7341-45fc-ac42-aabca0db8e9d,2023-04-11,GPM,42.6678
223eb552-7341-45fc-ac42-aabca0db8e9d,2023-04-11,ECOSTRESS,0.3062
223eb552-7341-45fc-ac42-aabca0db8e9d,2023-04-11,GRACE-FO,-2.2535
223eb552-7341-45fc-ac42-aabca0db8e9d,2023-04-27,SMAP,0.1781
223eb552-7341-45fc-ac42-aabca0db8e9d,2023-04-27,MODIS,0.2856
223eb552-7341-45fc-ac42-aabca0db8e9d,2023-04-27,GPM,44.4412
223eb552-7341-45fc-ac42-aabca0db8e9d,2023-04-27,ECOSTRESS,0.3695
223eb552-7341-45fc-ac42-aabca0db8e9d,2023-04-27,GRACE-FO,-1.7294
223eb552-7341-45fc-ac42-aabca0db8e9d,2023-05-13,SMAP,0.1857
223eb552-7341-45fc-ac42-aabca0db8e9d,2023-05-13,MODIS,0.3421
223eb552-7341-45fc-ac42-aabca0db8e9d,2023-05-13,GPM,60.3783
223eb552-7341-45fc-ac42-aabca0db8e9d,2023-05-13,GRACE-FO,-2.7653
223eb552-7341-45fc-ac42-aabca0db8e9d,2023-05-29,SMAP,0.1859
223eb552-7341-45fc-ac42-aabca0db8e9d,2023-05-29,MODIS,0.3527
223eb552-7341-45fc-ac42-aabca0db8e9d,2023-05-29,GPM,62.2764
223eb552-7341-45fc-ac42-aabca0db8e9d,2023-05-29,ECOSTRESS,0.4333
223eb552-7341-45fc-ac42-aabca0db8e9d,2023-05-29,GRACE-FO,-2.7063
223eb552-7341-45fc-ac42-aabca0db8e9d,2023-06-14,SMAP,0.1949
223eb552-7341-45fc-ac42-aabca0db8e9d,2023-06-14,MODIS,0.3754
223eb552-7341-45fc-ac42-aabca0db8e9d,2023-06-14,GPM,69.7216
223eb552-7341-45fc-ac42-aabca0db8e9d,2023-06-14,GRACE-FO,-2.7434
223eb552-7341-45fc-ac42-aabca0db8e9d,2023-06-30,SMAP,0.1974
223eb552-7341-45fc-ac42-aabca0db8e9d,2023-06-30,MODIS,0.3847
223eb552-7341-45fc-ac42-aabca0db8e9d,2023-06-30,GPM,67.0057
223eb552-7341-45fc-ac42-aabca0db8e9d,2023-06-30,ECOSTRESS,0.4539
223eb552-7341-45fc-ac42-aabca0db8e9d,2023-06-30,GRACE-FO,-3.3074
223eb552-7341-45fc-ac42-aabca0db8e9d,2023-07-16,SMAP,0.3505
223eb552-7341-45fc-ac42-aabca0db8e9d,2023-07-16,MODIS,0.7012
223eb552-7341-45fc-ac42-aabca0db8e9d,2023-07-16,GPM,208.1363
223eb552-7341-45fc-ac42-aabca0db8e9d,2023-07-16,ECOSTRESS,0.6886
223eb552-7341-45fc-ac42-aabca0db8e9d,2023-07-16,GRACE-FO,-2.7387
223eb552-7341-45fc-ac42-aabca0db8e9d,2023-08-01,SMAP,0.346
223eb552-7341-45fc-ac42-aabca0db8e9d,2023-08-01,MODIS,0.6728
223eb552-7341-45fc-ac42-aabca0db8e9d,2023-08-01,GPM,188.2059
223eb552-7341-45fc-ac42-aabca0db8e9d,2023-08-01,ECOSTRESS,0.7393
223eb552-7341-45fc-ac42-aabca0db8e9d,2023-08-01,GRACE-FO,-3.3684
223eb552-7341-45fc-ac42-aabca0db8e9d,2023-08-17,SMAP,0.3438
223eb552-7341-45fc-ac42-aabca0db8e9d,2023-08-17,MODIS,0.7089
223eb552-7341-45fc-ac42-aabca0db8e9d,2023-08-17,GPM,191.7516
223eb552-7341-45fc-ac42-aabca0db8e9d,2023-08-17,ECOSTRESS,0.7123
223eb552-7341-45fc-ac42-aabca0db8e9d,2023-08-17,GRACE-FO,-3.4265
223eb552-7341-45fc-ac42-aabca0db8e9d,2023-09-02,SMAP,0.3235
223eb552-7341-45fc-ac42-aabca0db8e9d,2023-09-02,MODIS,0.6796
223eb552-7341-45fc-ac42-aabca0db8e9d,2023-09-02,GPM,154.222
223eb552-7341-45fc-ac42-aabca0db8e9d,2023-09-02,ECOSTRESS,0.6213
223eb552-7341-45fc-ac42-aabca0db8e9d,2023-09-02,GRACE-FO,-3.0277
223eb552-7341-45fc-ac42-aabca0db8e9d,2023-09-18,SMAP,0.2914
223eb552-7341-45fc-ac42-aabca0db8e9d,2023-09-18,MODIS,0.5751
223eb552-7341-45fc-ac42-aabca0db8e9d,2023-09-18,GPM,150.6912
223eb552-7341-45fc-ac42-aabca0db8e9d,2023-09-18,ECOSTRESS,0.5769
223eb552-7341-45fc-ac42-aabca0db8e9d,2023-09-18,GRACE-FO,-3.5621
223eb552-7341-45fc-ac42-aabca0db8e9d,2023-10-04,SMAP,0.2707
223eb552-7341-45fc-ac42-aabca0db8e9d,2023-10-04,MODIS,0.5521
223eb552-7341-45fc-ac42-aabca0db8e9d,2023-10-04,GPM,111.1605
223eb552-7341-45fc-ac42-aabca0db8e9d,2023-10-04,ECOSTRESS,0.5435
223eb552-7341-45fc-ac42-aabca0db8e9d,2023-10-04,GRACE-FO,-2.7912
223eb552-7341-45fc-ac42-aabca0db8e9d,2023-10-20,SMAP,0.2581
223eb552-7341-45fc-ac42-aabca0db8e9d,2023-10-20,MODIS,0.4667
223eb552-7341-45fc-ac42-aabca0db8e9d,2023-10-20,GPM,93.5281
223eb552-7341-45fc-ac42-aabca0db8e9d,2023-10-20,ECOSTRESS,0.5174
223eb552-7341-45fc-ac42-aabca0db8e9d,2023-10-20,GRACE-FO,-2.8759
223eb552-7341-45fc-ac42-aabca0db8e9d,2023-11-05,SMAP,0.2204
223eb552-7341-45fc-ac42-aabca0db8e9d,2023-11-05,MODIS,0.3805
223eb552-7341-45fc-ac42-aabca0db8e9d,2023-11-05,GPM,64.1474
223eb552-7341-45fc-ac42-aabca0db8e9d,2023-11-05,ECOSTRESS,0.5067
223eb552-7341-45fc-ac42-aabca0db8e9d,2023-11-05,GRACE-FO,-3.6245
223eb552-7341-45fc-ac42-aabca0db8e9d,2023-11-21,SMAP,0.2129
223eb552-7341-45fc-ac42-aabca0db8e9d,2023-11-21,MODIS,0.3165
223eb552-7341-45fc-ac42-aabca0db8e9d,2023-11-21,GPM,46.7686
223eb552-7341-45fc-ac42-aabca0db8e9d,2023-11-21,GRACE-FO,-3.3594
223eb552-7341-45fc-ac42-aabca0db8e9d,2023-12-07,SMAP,0.2027
223eb552-7341-45fc-ac42-aabca0db8e9d,2023-12-07,MODIS,0.2782
223eb552-7341-45fc-ac42-aabca0db8e9d,2023-12-07,GPM,33.4313
223eb552-7341-45fc-ac42-aabca0db8e9d,2023-12-07,ECOSTRESS,0.4333
223eb552-7341-45fc-ac42-aabca0db8e9d,2023-12-07,GRACE-FO,-2.6936
223eb552-7341-45fc-ac42-aabca0db8e9d,2023-12-23,SMAP,0.1981
223eb552-7341-45fc-ac42-aabca0db8e9d,2023-12-23,MODIS,0.2255
223eb552-7341-45fc-ac42-aabca0db8e9d,2023-12-23,GPM,22.2207
223eb552-7341-45fc-ac42-aabca0db8e9d,2023-12-23,ECOSTRESS,0.3972
223eb552-7341-45fc-ac42-aabca0db8e9d,2023-12-23,GRACE-FO,-3.2876
223eb552-7341-45fc-ac42-aabca0db8e9d,2024-01-08,SMAP,0.2073
223eb552-7341-45fc-ac42-aabca0db8e9d,2024-01-08,MODIS,0.2158
223eb552-7341-45fc-ac42-aabca0db8e9d,2024-01-08,GPM,10.2166
223eb552-7341-45fc-ac42-aabca0db8e9d,2024-01-08,ECOSTRESS,0.4217
223eb552-7341-45fc-ac42-aabca0db8e9d,2024-01-08,GRACE-FO,-3.2642
223eb552-7341-45fc-ac42-aabca0db8e9d,2024-01-24,SMAP,0.1992
223eb552-7341-45fc-ac42-aabca0db8e9d,2024-01-24,MODIS,0.234
223eb552-7341-45fc-ac42-aabca0db8e9d,2024-01-24,GPM,38.0588
223eb552-7341-45fc-ac42-aabca0db8e9d,2024-01-24,ECOSTRESS,0.3981
223eb552-7341-45fc-ac42-aabca0db8e9d,2024-01-24,GRACE-FO,-3.3919
223eb552-7341-45fc-ac42-aabca0db8e9d,2024-02-09,SMAP,0.2232
223eb552-7341-45fc-ac42-aabca0db8e9d,2024-02-09,MODIS,0.2251
223eb552-7341-45fc-ac42-aabca0db8e9d,2024-02-09,GPM,32.5171
223eb552-7341-45fc-ac42-aabca0db8e9d,2024-02-09,ECOSTRESS,0.3953
223eb552-7341-45fc-ac42-aabca0db8e9d,2024-02-09,GRACE-FO,-3.7173
223eb552-7341-45fc-ac42-aabca0db8e9d,2024-02-25,SMAP,0.2324
223eb552-7341-45fc-ac42-aabca0db8e9d,2024-02-25,MODIS,0.2209
223eb552-7341-45fc-ac42-aabca0db8e9d,2024-02-25,GPM,44.7154
223eb552-7341-45fc-ac42-aabca0db8e9d,2024-02-25,ECOSTRESS,0.4679
223eb552-7341-45fc-ac42-aabca0db8e9d,2024-02-25,GRACE-FO,-2.3618
223eb552-7341-45fc-ac42-aabca0db8e9d,2024-03-12,SMAP,0.2585
223eb552-7341-45fc-ac42-aabca0db8e9d,2024-03-12,MODIS,0.292
223eb552-7341-45fc-ac42-aabca0db8e9d,2024-03-12,GPM,53.5468
223eb552-7341-45fc-ac42-aabca0db8e9d,2024-03-12,GRACE-FO,-2.9639
223eb552-7341-45fc-ac42-aabca0db8e9d,2024-03-28,SMAP,0.274
223eb552-7341-45fc-ac42-aabca0db8e9d,2024-03-28,MODIS,0.3548
223eb552-7341-45fc-ac42-aabca0db8e9d,2024-03-28,GPM,80.201
223eb552-7341-45fc-ac42-aabca0db8e9d,2024-03-28,ECOSTRESS,0.5343
223eb552-7341-45fc-ac42-aabca0db8e9d,2024-03-28,GRACE-FO,-2.9776
223eb552-7341-45fc-ac42-aabca0db8e9d,2024-04-13,SMAP,0.3063
223eb552-7341-45fc-ac42-aabca0db8e9d,2024-04-13,MODIS,0.4144
223eb552-7341-45fc-ac42-aabca0db8e9d,2024-04-13,GPM,115.5586
223eb552-7341-45fc-ac42-aabca0db8e9d,2024-04-13,ECOSTRESS,0.5744
223eb552-7341-45fc-ac42-aabca0db8e9d,2024-04-13,GRACE-FO,-3.369
223eb552-7341-45fc-ac42-aabca0db8e9d,2024-04-29,SMAP,0.3014
223eb552-7341-45fc-ac42-aabca0db8e9d,2024-04-29,MODIS,0.4905
223eb552-7341-45fc-ac42-aabca0db8e9d,2024-04-29,GPM,128.8871
223eb552-7341-45fc-ac42-aabca0db8e9d,2024-04-29,ECOSTRESS,0.6345
223eb552-7341-45fc-ac42-aabca0db8e9d,2024-04-29,GRACE-FO,-2.7592
223eb552-7341-45fc-ac42-aabca0db8e9d,2024-05-15,SMAP,0.3409
223eb552-7341-45fc-ac42-aabca0db8e9d,2024-05-15,MODIS,0.5694
223eb552-7341-45fc-ac42-aabca0db8e9d,2024-05-15,GPM,147.2565
223eb552-7341-45fc-ac42-aabca0db8e9d,2024-05-15,ECOSTRESS,0.6769
223eb552-7341-45fc-ac42-aabca0db8e9d,2024-05-15,GRACE-FO,-4.0564
223eb552-7341-45fc-ac42-aabca0db8e9d,2024-05-31,SMAP,0.3474
223eb552-7341-45fc-ac42-aabca0db8e9d,2024-05-31,MODIS,0.6125
223eb552-7341-45fc-ac42-aabca0db8e9d,2024-05-31,GPM,178.1952
223eb552-7341-45fc-ac42-aabca0db8e9d,2024-05-31,ECOSTRESS,0.6904
223eb552-7341-45fc-ac42-aabca0db8e9d,2024-05-31,GRACE-FO,-3.1467
223eb552-7341-45fc-ac42-aabca0db8e9d,2024-06-16,SMAP,0.3564
223eb552-7341-45fc-ac42-aabca0db8e9d,2024-06-16,MODIS,0.6648
223eb552-7341-45fc-ac42-aabca0db8e9d,2024-06-16,GPM,191.8609
223eb552-7341-45fc-ac42-aabca0db8e9d,2024-06-16,ECOSTRESS,0.7022
223eb552-7341-45fc-ac42-aabca0db8e9d,2024-06-16,GRACE-FO,-4.1859
223eb552-7341-45fc-ac42-aabca0db8e9d,2024-07-02,SMAP,0.3742
223eb552-7341-45fc-ac42-aabca0db8e9d,2024-07-02,MODIS,0.6851
223eb552-7341-45fc-ac42-aabca0db8e9d,2024-07-02,GPM,171.7168
223eb552-7341-45fc-ac42-aabca0db8e9d,2024-07-02,ECOSTRESS,0.7451
223eb552-7341-45fc-ac42-aabca0db8e9d,2024-07-02,GRACE-FO,-2.6163
223eb552-7341-45fc-ac42-aabca0db8e9d,2024-07-18,SMAP,0.34
223eb552-7341-45fc-ac42-aabca0db8e9d,2024-07-18,MODIS,0.6784
223eb552-7341-45fc-ac42-aabca0db8e9d,2024-07-18,GPM,209.6519
223eb552-7341-45fc-ac42-aabca0db8e9d,2024-07-18,ECOSTRESS,0.6499
223eb552-7341-45fc-ac42-aabca0db8e9d,2024-07-18,GRACE-FO,-3.5579
223eb552-7341-45fc-ac42-aabca0db8e9d,2024-08-03,SMAP,0.3425
223eb552-7341-45fc-ac42-aabca0db8e9d,2024-08-03,MODIS,0.7022
223eb552-7341-45fc-ac42-aabca0db8e9d,2024-08-03,GPM,180.0207
223eb552-7341-45fc-ac42-aabca0db8e9d,2024-08-03,ECOSTRESS,0.6654
223eb552-7341-45fc-ac42-aabca0db8e9d,2024-08-03,GRACE-FO,-3.3929
223eb552-7341-45fc-ac42-aabca0db8e9d,2024-08-19,SMAP,0.3322
223eb552-7341-45fc-ac42-aabca0db8e9d,2024-08-19,MODIS,0.6825
223eb552-7341-45fc-ac42-aabca0db8e9d,2024-08-19,GPM,179.9484
223eb552-7341-45fc-ac42-aabca0db8e9d,2024-08-19,ECOSTRESS,0.6108
223eb552-7341-45fc-ac42-aabca0db8e9d,2024-08-19,GRACE-FO,-3.5898
223eb552-7341-45fc-ac42-aabca0db8e9d,2024-09-04,SMAP,0.3161
223eb552-7341-45fc-ac42-aabca0db8e9d,2024-09-04,MODIS,0.6098
223eb552-7341-45fc-ac42-aabca0db8e9d,2024-09-04,GPM,155.8007
223eb552-7341-45fc-ac42-aabca0db8e9d,2024-09-04,ECOSTRESS,0.6312
223eb552-7341-45fc-ac42-aabca0db8e9d,2024-09-04,GRACE-FO,-3.4782
223eb552-7341-45fc-ac42-aabca0db8e9d,2024-09-20,SMAP,0.2868
223eb552-7341-45fc-ac42-aabca0db8e9d,2024-09-20,MODIS,0.5754
223eb552-7341-45fc-ac42-aabca0db8e9d,2024-09-20,GPM,128.474
223eb552-7341-45fc-ac42-aabca0db8e9d,2024-09-20,ECOSTRESS,0.5758
223eb552-7341-45fc-ac42-aabca0db8e9d,2024-09-20,GRACE-FO,-3.5192
223eb552-7341-45fc-ac42-aabca0db8e9d,2024-10-06,SMAP,0.271
223eb552-7341-45fc-ac42-aabca0db8e9d,2024-10-06,MODIS,0.5123
223eb552-7341-45fc-ac42-aabca0db8e9d,2024-10-06,GPM,127.0692
223eb552-7341-45fc-ac42-aabca0db8e9d,2024-10-06,ECOSTRESS,0.5392
223eb552-7341-45fc-ac42-aabca0db8e9d,2024-10-06,GRACE-FO,-2.6968
223eb552-7341-45fc-ac42-aabca0db8e9d,2024-10-22,SMAP,0.2535
223eb552-7341-45fc-ac42-aabca0db8e9d,2024-10-22,MODIS,0.423
223eb552-7341-45fc-ac42-aabca0db8e9d,2024-10-22,GPM,93.4833
223eb552-7341-45fc-ac42-aabca0db8e9d,2024-10-22,ECOSTRESS,0.4977
223eb552-7341-45fc-ac42-aabca0db8e9d,2024-10-22,GRACE-FO,-3.6287
223eb552-7341-45fc-ac42-aabca0db8e9d,2024-11-07,SMAP,0.2214
223eb552-7341-45fc-ac42-aabca0db8e9d,2024-11-07,MODIS,0.3672
223eb552-7341-45fc-ac42-aabca0db8e9d,2024-11-07,GPM,72.7495
223eb552-7341-45fc-ac42-aabca0db8e9d,2024-11-07,ECOSTRESS,0.4111
223eb552-7341-45fc-ac42-aabca0db8e9d,2024-11-07,GRACE-FO,-4.1301
223eb552-7341-45fc-ac42-aabca0db8e9d,2024-11-23,SMAP,0.2061
223eb552-7341-45fc-ac42-aabca0db8e9d,2024-11-23,MODIS,0.2993
223eb552-7341-45fc-ac42-aabca0db8e9d,2024-11-23,GPM,54.1515
223eb552-7341-45fc-ac42-aabca0db8e9d,2024-11-23,GRACE-FO,-3.729
223eb552-7341-45fc-ac42-aabca0db8e9d,2024-12-09,SMAP,0.1986
223eb552-7341-45fc-ac42-aabca0db8e9d,2024-12-09,MODIS,0.2541
223eb552-7341-45fc-ac42-aabca0db8e9d,2024-12-09,GPM,34.9161
223eb552-7341-45fc-ac42-aabca0db8e9d,2024-12-09,ECOSTRESS,0.4567
223eb552-7341-45fc-ac42-aabca0db8e9d,2024-12-09,GRACE-FO,-4.3153
223eb552-7341-45fc-ac42-aabca0db8e9d,2024-12-25,SMAP,0.1927
223eb552-7341-45fc-ac42-aabca0db8e9d,2024-12-25,MODIS,0.2056
223eb552-7341-45fc-ac42-aabca0db8e9d,2024-12-25,GPM,0
223eb552-7341-45fc-ac42-aabca0db8e9d,2024-12-25,ECOSTRESS,0.4025
223eb552-7341-45fc-ac42-aabca0db8e9d,2024-12-25,GRACE-FO,-3.9964
223eb552-7341-45fc-ac42-aabca0db8e9d,2025-01-10,SMAP,0.186
223eb552-7341-45fc-ac42-aabca0db8e9d,2025-01-10,MODIS,0.1941
223eb552-7341-45fc-ac42-aabca0db8e9d,2025-01-10,GPM,29.4451
223eb552-7341-45fc-ac42-aabca0db8e9d,2025-01-10,GRACE-FO,-4.1979
223eb552-7341-45fc-ac42-aabca0db8e9d,2025-01-26,SMAP,0.2204
223eb552-7341-45fc-ac42-aabca0db8e9d,2025-01-26,MODIS,0.1636
223eb552-7341-45fc-ac42-aabca0db8e9d,2025-01-26,GPM,27.1612
223eb552-7341-45fc-ac42-aabca0db8e9d,2025-01-26,ECOSTRESS,0.4019
223eb552-7341-45fc-ac42-aabca0db8e9d,2025-01-26,GRACE-FO,-4.4932
223eb552-7341-45fc-ac42-aabca0db8e9d,2025-02-11,SMAP,0.2322
223eb552-7341-45fc-ac42-aabca0db8e9d,2025-02-11,MODIS,0.2066
223eb552-7341-45fc-ac42-aabca0db8e9d,2025-02-11,GPM,46.8496
223eb552-7341-45fc-ac42-aabca0db8e9d,2025-02-11,GRACE-FO,-3.7683
223eb552-7341-45fc-ac42-aabca0db8e9d,2025-02-27,SMAP,0.2384
223eb552-7341-45fc-ac42-aabca0db8e9d,2025-02-27,MODIS,0.2684
223eb552-7341-45fc-ac42-aabca0db8e9d,2025-02-27,GPM,36.793
223eb552-7341-45fc-ac42-aabca0db8e9d,2025-02-27,ECOSTRESS,0.4175
223eb552-7341-45fc-ac42-aabca0db8e9d,2025-02-27,GRACE-FO,-2.9888
223eb552-7341-45fc-ac42-aabca0db8e9d,2025-03-15,SMAP,0.2671
223eb552-7341-45fc-ac42-aabca0db8e9d,2025-03-15,MODIS,0.3106
223eb552-7341-45fc-ac42-aabca0db8e9d,2025-03-15,GPM,78.4107
223eb552-7341-45fc-ac42-aabca0db8e9d,2025-03-15,ECOSTRESS,0.4605
223eb552-7341-45fc-ac42-aabca0db8e9d,2025-03-15,GRACE-FO,-4.2928
223eb552-7341-45fc-ac42-aabca0db8e9d,2025-03-31,SMAP,0.2864
223eb552-7341-45fc-ac42-aabca0db8e9d,2025-03-31,MODIS,0.397
223eb552-7341-45fc-ac42-aabca0db8e9d,2025-03-31,GPM,92.5271
223eb552-7341-45fc-ac42-aabca0db8e9d,2025-03-31,ECOSTRESS,0.5121
223eb552-7341-45fc-ac42-aabca0db8e9d,2025-03-31,GRACE-FO,-3.3931
223eb552-7341-45fc-ac42-aabca0db8e9d,2025-04-16,SMAP,0.2952
223eb552-7341-45fc-ac42-aabca0db8e9d,2025-04-16,MODIS,0.4362
223eb552-7341-45fc-ac42-aabca0db8e9d,2025-04-16,GPM,118.8102
223eb552-7341-45fc-ac42-aabca0db8e9d,2025-04-16,ECOSTRESS,0.6054
223eb552-7341-45fc-ac42-aabca0db8e9d,2025-04-16,GRACE-FO,-3.779
223eb552-7341-45fc-ac42-aabca0db8e9d,2025-05-02,SMAP,0.3333
223eb552-7341-45fc-ac42-aabca0db8e9d,2025-05-02,MODIS,0.5012
223eb552-7341-45fc-ac42-aabca0db8e9d,2025-05-02,GPM,143.9088
223eb552-7341-45fc-ac42-aabca0db8e9d,2025-05-02,ECOSTRESS,0.6693
223eb552-7341-45fc-ac42-aabca0db8e9d,2025-05-02,GRACE-FO,-3.1943
223eb552-7341-45fc-ac42-aabca0db8e9d,2025-05-18,SMAP,0.3324
223eb552-7341-45fc-ac42-aabca0db8e9d,2025-05-18,MODIS,0.569
223eb552-7341-45fc-ac42-aabca0db8e9d,2025-05-18,GPM,155.0996
223eb552-7341-45fc-ac42-aabca0db8e9d,2025-05-18,ECOSTRESS,0.6455
223eb552-7341-45fc-ac42-aabca0db8e9d,2025-05-18,GRACE-FO,-3.4588
223eb552-7341-45fc-ac42-aabca0db8e9d,2025-06-03,SMAP,0.3397
223eb552-7341-45fc-ac42-aabca0db8e9d,2025-06-03,MODIS,0.6199
223eb552-7341-45fc-ac42-aabca0db8e9d,2025-06-03,GPM,205.0925
223eb552-7341-45fc-ac42-aabca0db8e9d,2025-06-03,ECOSTRESS,0.7329
223eb552-7341-45fc-ac42-aabca0db8e9d,2025-06-03,GRACE-FO,-3.1877
223eb552-7341-45fc-ac42-aabca0db8e9d,2025-06-19,SMAP,0.3398
223eb552-7341-45fc-ac42-aabca0db8e9d,2025-06-19,MODIS,0.6505
223eb552-7341-45fc-ac42-aabca0db8e9d,2025-06-19,GPM,201.5496
223eb552-7341-45fc-ac42-aabca0db8e9d,2025-06-19,ECOSTRESS,0.7002
223eb552-7341-45fc-ac42-aabca0db8e9d,2025-06-19,GRACE-FO,-3.5237
223eb552-7341-45fc-ac42-aabca0db8e9d,2025-07-05,SMAP,0.3582
223eb552-7341-45fc-ac42-aabca0db8e9d,2025-07-05,MODIS,0.7381
223eb552-7341-45fc-ac42-aabca0db8e9d,2025-07-05,GPM,190.4943
223eb552-7341-45fc-ac42-aabca0db8e9d,2025-07-05,ECOSTRESS,0.6846
223eb552-7341-45fc-ac42-aabca0db8e9d,2025-07-05,GRACE-FO,-4.0551
223eb552-7341-45fc-ac42-aabca0db8e9d,2025-07-21,SMAP,0.3635
223eb552-7341-45fc-ac42-aabca0db8e9d,2025-07-21,MODIS,0.7117
223eb552-7341-45fc-ac42-aabca0db8e9d,2025-07-21,GPM,188.2781
223eb552-7341-45fc-ac42-aabca0db8e9d,2025-07-21,ECOSTRESS,0.6813
223eb552-7341-45fc-ac42-aabca0db8e9d,2025-07-21,GRACE-FO,-4.1938
223eb552-7341-45fc-ac42-aabca0db8e9d,2025-08-06,SMAP,0.3559
223eb552-7341-45fc-ac42-aabca0db8e9d,2025-08-06,MODIS,0.6427
223eb552-7341-45fc-ac42-aabca0db8e9d,2025-08-06,GPM,183.3177
223eb552-7341-45fc-ac42-aabca0db8e9d,2025-08-06,ECOSTRESS,0.6439
223eb552-7341-45fc-ac42-aabca0db8e9d,2025-08-06,GRACE-FO,-3.7751
223eb552-7341-45fc-ac42-aabca0db8e9d,2025-08-22,SMAP,0.3234
223eb552-7341-45fc-ac42-aabca0db8e9d,2025-08-22,MODIS,0.657
223eb552-7341-45fc-ac42-aabca0db8e9d,2025-08-22,GPM,165.3345
223eb552-7341-45fc-ac42-aabca0db8e9d,2025-08-22,ECOSTRESS,0.6008
223eb552-7341-45fc-ac42-aabca0db8e9d,2025-08-22,GRACE-FO,-4.0675
223eb552-7341-45fc-ac42-aabca0db8e9d,2025-09-07,SMAP,0.3127
223eb552-7341-45fc-ac42-aabca0db8e9d,2025-09-07,MODIS,0.6189
223eb552-7341-45fc-ac42-aabca0db8e9d,2025-09-07,GPM,171.5232
223eb552-7341-45fc-ac42-aabca0db8e9d,2025-09-07,ECOSTRESS,0.5473
223eb552-7341-45fc-ac42-aabca0db8e9d,2025-09-07,GRACE-FO,-3.8536
223eb552-7341-45fc-ac42-aabca0db8e9d,2025-09-23,SMAP,0.2787
223eb552-7341-45fc-ac42-aabca0db8e9d,2025-09-23,MODIS,0.5681
223eb552-7341-45fc-ac42-aabca0db8e9d,2025-09-23,GPM,129.1575
223eb552-7341-45fc-ac42-aabca0db8e9d,2025-09-23,ECOSTRESS,0.6023
223eb552-7341-45fc-ac42-aabca0db8e9d,2025-09-23,GRACE-FO,-3.8859
223eb552-7341-45fc-ac42-aabca0db8e9d,2025-10-09,SMAP,0.2573
223eb552-7341-45fc-ac42-aabca0db8e9d,2025-10-09,MODIS,0.5148
223eb552-7341-45fc-ac42-aabca0db8e9d,2025-10-09,GPM,103.8586
223eb552-7341-45fc-ac42-aabca0db8e9d,2025-10-09,ECOSTRESS,0.4896
223eb552-7341-45fc-ac42-aabca0db8e9d,2025-10-09,GRACE-FO,-3.9974
223eb552-7341-45fc-ac42-aabca0db8e9d,2025-10-25,SMAP,0.2461
223eb552-7341-45fc-ac42-aabca0db8e9d,2025-10-25,MODIS,0.4234
223eb552-7341-45fc-ac42-aabca0db8e9d,2025-10-25,GPM,85.7778
223eb552-7341-45fc-ac42-aabca0db8e9d,2025-10-25,ECOSTRESS,0.4735
223eb552-7341-45fc-ac42-aabca0db8e9d,2025-10-25,GRACE-FO,-2.5994
223eb552-7341-45fc-ac42-aabca0db8e9d,2025-11-10,SMAP,0.2458
223eb552-7341-45fc-ac42-aabca0db8e9d,2025-11-10,MODIS,0.3635
223eb552-7341-45fc-ac42-aabca0db8e9d,2025-11-10,GPM,55.2324
223eb552-7341-45fc-ac42-aabca0db8e9d,2025-11-10,ECOSTRESS,0.4035
223eb552-7341-45fc-ac42-aabca0db8e9d,2025-11-10,GRACE-FO,-3.804
223eb552-7341-45fc-ac42-aabca0db8e9d,2025-11-26,SMAP,0.2159
223eb552-7341-45fc-ac42-aabca0db8e9d,2025-11-26,MODIS,0.3073
223eb552-7341-45fc-ac42-aabca0db8e9d,2025-11-26,GPM,49.5948
223eb552-7341-45fc-ac42-aabca0db8e9d,2025-11-26,ECOSTRESS,0.434
223eb552-7341-45fc-ac42-aabca0db8e9d,2025-11-26,GRACE-FO,-4.3617
223eb552-7341-45fc-ac42-aabca0db8e9d,2025-12-12,SMAP,0.196
223eb552-7341-45fc-ac42-aabca0db8e9d,2025-12-12,MODIS,0.2626
223eb552-7341-45fc-ac42-aabca0db8e9d,2025-12-12,GPM,19.3566
223eb552-7341-45fc-ac42-aabca0db8e9d,2025-12-12,ECOSTRESS,0.4285
223eb552-7341-45fc-ac42-aabca0db8e9d,2025-12-12,GRACE-FO,-3.9053
223eb552-7341-45fc-ac42-aabca0db8e9d,2025-12-28,SMAP,0.215
223eb552-7341-45fc-ac42-aabca0db8e9d,2025-12-28,MODIS,0.2341
223eb552-7341-45fc-ac42-aabca0db8e9d,2025-12-28,GPM,9.9386
223eb552-7341-45fc-ac42-aabca0db8e9d,2025-12-28,ECOSTRESS,0.4009
223eb552-7341-45fc-ac42-aabca0db8e9d,2025-12-28,GRACE-FO,-4.2611
223eb552-7341-45fc-ac42-aabca0db8e9d,2026-01-13,SMAP,0.1932
223eb552-7341-45fc-ac42-aabca0db8e9d,2026-01-13,MODIS,0.2187
223eb552-7341-45fc-ac42-aabca0db8e9d,2026-01-13,GPM,21.534
223eb552-7341-45fc-ac42-aabca0db8e9d,2026-01-13,ECOSTRESS,0.4059
223eb552-7341-45fc-ac42-aabca0db8e9d,2026-01-13,GRACE-FO,-4.5934
223eb552-7341-45fc-ac42-aabca0db8e9d,2026-01-29,SMAP,0.2106
223eb552-7341-45fc-ac42-aabca0db8e9d,2026-01-29,MODIS,0.2094
223eb552-7341-45fc-ac42-aabca0db8e9d,2026-01-29,GPM,12.7951
223eb552-7341-45fc-ac42-aabca0db8e9d,2026-01-29,ECOSTRESS,0.4502
223eb552-7341-45fc-ac42-aabca0db8e9d,2026-01-29,GRACE-FO,-3.7344
223eb552-7341-45fc-ac42-aabca0db8e9d,2026-02-14,SMAP,0.2307
223eb552-7341-45fc-ac42-aabca0db8e9d,2026-02-14,MODIS,0.2287
223eb552-7341-45fc-ac42-aabca0db8e9d,2026-02-14,GPM,51.0913
223eb552-7341-45fc-ac42-aabca0db8e9d,2026-02-14,ECOSTRESS,0.3989
223eb552-7341-45fc-ac42-aabca0db8e9d,2026-02-14,GRACE-FO,-3.9118
223eb552-7341-45fc-ac42-aabca0db8e9d,2026-03-02,SMAP,0.2428
223eb552-7341-45fc-ac42-aabca0db8e9d,2026-03-02,MODIS,0.3015
223eb552-7341-45fc-ac42-aabca0db8e9d,2026-03-02,GPM,44.3581
223eb552-7341-45fc-ac42-aabca0db8e9d,2026-03-02,ECOSTRESS,0.5457
223eb552-7341-45fc-ac42-aabca0db8e9d,2026-03-02,GRACE-FO,-3.8841
223eb552-7341-45fc-ac42-aabca0db8e9d,2026-03-18,SMAP,0.2522
223eb552-7341-45fc-ac42-aabca0db8e9d,2026-03-18,MODIS,0.3624
223eb552-7341-45fc-ac42-aabca0db8e9d,2026-03-18,GPM,61.0212
223eb552-7341-45fc-ac42-aabca0db8e9d,2026-03-18,ECOSTRESS,0.4907
223eb552-7341-45fc-ac42-aabca0db8e9d,2026-03-18,GRACE-FO,-4.3006
223eb552-7341-45fc-ac42-aabca0db8e9d,2026-04-03,SMAP,0.2865
223eb552-7341-45fc-ac42-aabca0db8e9d,2026-04-03,MODIS,0.3856
223eb552-7341-45fc-ac42-aabca0db8e9d,2026-04-03,GPM,105.5041
223eb552-7341-45fc-ac42-aabca0db8e9d,2026-04-03,ECOSTRESS,0.5087
223eb552-7341-45fc-ac42-aabca0db8e9d,2026-04-03,GRACE-FO,-3.4768
223eb552-7341-45fc-ac42-aabca0db8e9d,2026-04-19,SMAP,0.2975
223eb552-7341-45fc-ac42-aabca0db8e9d,2026-04-19,MODIS,0.4749
223eb552-7341-45fc-ac42-aabca0db8e9d,2026-04-19,GPM,142.9399
223eb552-7341-45fc-ac42-aabca0db8e9d,2026-04-19,ECOSTRESS,0.6672
223eb552-7341-45fc-ac42-aabca0db8e9d,2026-04-19,GRACE-FO,-5.5332
223eb552-7341-45fc-ac42-aabca0db8e9d,2026-05-05,SMAP,0.3252
223eb552-7341-45fc-ac42-aabca0db8e9d,2026-05-05,MODIS,0.5341
223eb552-7341-45fc-ac42-aabca0db8e9d,2026-05-05,GPM,151.0961
223eb552-7341-45fc-ac42-aabca0db8e9d,2026-05-05,ECOSTRESS,0.6073
223eb552-7341-45fc-ac42-aabca0db8e9d,2026-05-05,GRACE-FO,-3.479
223eb552-7341-45fc-ac42-aabca0db8e9d,2026-05-21,SMAP,0.3512
223eb552-7341-45fc-ac42-aabca0db8e9d,2026-05-21,MODIS,0.5715
223eb552-7341-45fc-ac42-aabca0db8e9d,2026-05-21,GPM,168.7383
223eb552-7341-45fc-ac42-aabca0db8e9d,2026-05-21,ECOSTRESS,0.6581
223eb552-7341-45fc-ac42-aabca0db8e9d,2026-05-21,GRACE-FO,-3.6399
223eb552-7341-45fc-ac42-aabca0db8e9d,2026-06-06,SMAP,0.3526
223eb552-7341-45fc-ac42-aabca0db8e9d,2026-06-06,MODIS,0.6015
223eb552-7341-45fc-ac42-aabca0db8e9d,2026-06-06,GPM,203.5379
223eb552-7341-45fc-ac42-aabca0db8e9d,2026-06-06,ECOSTRESS,0.6683
223eb552-7341-45fc-ac42-aabca0db8e9d,2026-06-06,GRACE-FO,-4.9046
223eb552-7341-45fc-ac42-aabca0db8e9d,2026-06-22,SMAP,0.3711
223eb552-7341-45fc-ac42-aabca0db8e9d,2026-06-22,MODIS,0.6853
223eb552-7341-45fc-ac42-aabca0db8e9d,2026-06-22,GPM,200.2944
223eb552-7341-45fc-ac42-aabca0db8e9d,2026-06-22,GRACE-FO,-5.0144
223eb552-7341-45fc-ac42-aabca0db8e9d,2026-07-08,SMAP,0.3682
223eb552-7341-45fc-ac42-aabca0db8e9d,2026-07-08,MODIS,0.7205
223eb552-7341-45fc-ac42-aabca0db8e9d,2026-07-08,GPM,188.9984
223eb552-7341-45fc-ac42-aabca0db8e9d,2026-07-08,ECOSTRESS,0.662
223eb552-7341-45fc-ac42-aabca0db8e9d,2026-07-08,GRACE-FO,-4.24
223eb552-7341-45fc-ac42-aabca0db8e9d,2026-07-24,SMAP,0.354
223eb552-7341-45fc-ac42-aabca0db8e9d,2026-07-24,MODIS,0.6927
223eb552-7341-45fc-ac42-aabca0db8e9d,2026-07-24,GPM,206.3109
223eb552-7341-45fc-ac42-aabca0db8e9d,2026-07-24,ECOSTRESS,0.7006
223eb552-7341-45fc-ac42-aabca0db8e9d,2026-07-24,GRACE-FO,-4.0617
223eb552-7341-45fc-ac42-aabca0db8e9d,2026-08-09,SMAP,0.3299
223eb552-7341-45fc-ac42-aabca0db8e9d,2026-08-09,MODIS,0.6937
223eb552-7341-45fc-ac42-aabca0db8e9d,2026-08-09,GPM,186.521
223eb552-7341-45fc-ac42-aabca0db8e9d,2026-08-09,ECOSTRESS,0.67
223eb552-7341-45fc-ac42-aabca0db8e9d,2026-08-09,GRACE-FO,-3.7571
223eb552-7341-45fc-ac42-aabca0db8e9d,2026-08-25,SMAP,0.3334
223eb552-7341-45fc-ac42-aabca0db8e9d,2026-08-25,MODIS,0.6452
223eb552-7341-45fc-ac42-aabca0db8e9d,2026-08-25,GPM,182.3076
223eb552-7341-45fc-ac42-aabca0db8e9d,2026-08-25,ECOSTRESS,0.6265
223eb552-7341-45fc-ac42-aabca0db8e9d,2026-08-25,GRACE-FO,-4.2037
223eb552-7341-45fc-ac42-aabca0db8e9d,2026-09-10,SMAP,0.324
223eb552-7341-45fc-ac42-aabca0db8e9d,2026-09-10,MODIS,0.5819
223eb552-7341-45fc-ac42-aabca0db8e9d,2026-09-10,GPM,166.6694
223eb552-7341-45fc-ac42-aabca0db8e9d,2026-09-10,ECOSTRESS,0.5941
223eb552-7341-45fc-ac42-aabca0db8e9d,2026-09-10,GRACE-FO,-4.5601
